data,1.0,6.0,7.0,8.0,9.0,10.0,11.0,12.0,14.0,15.0,16.0,17.0,18.0,22.0,23.0,24.0,25.0,28.0,31.0,32.0,33.0,34.0,47.0,48.0,49.0,50.0,51.0,52.0,53.0,57.0,61.0,62.0,63.0,71.0,72.0,73.0,74.0,76.0,77.0,78.0,81.0,88.0,89.0,92.0,93.0,94.0,97.0,98.0,99.0,101.0,102.0,103.0,110.0,111.0,112.0,113.0,114.0,115.0,117.0,118.0,120.0,121.0,122.0,123.0,125.0,129.0,130.0,134.0,135.0,141.0,144.0,145.0,148.0,149.0,154.0,155.0,156.0,158.0,161.0,169.0,172.0,173.0,178.0,183.0,188.0,190.0,191.0,196.0,197.0,198.0,201.0,202.0,204.0,205.0,206.0,207.0,209.0,211.0,213.0,215.0,216.0,217.0,220.0,222.0,225.0,226.0,227.0,228.0,229.0,230.0,237.0,238.0,239.0,240.0,241.0,242.0,243.0,245.0,246.0,247.0,248.0,249.0,251.0,253.0,254.0,255.0,257.0,259.0,261.0,262.0,263.0,266.0,269.0,270.0,271.0,273.0,275.0,277.0,278.0,279.0,280.0,281.0,283.0,284.0,285.0,286.0,287.0,288.0,290.0,291.0,294.0,295.0,296.0,297.0
2025-01-17,109.869616238897,978.0261730404525,1170.8375905232258,1187.7934716890018,1194.9594772206715,1224.295773929452,1305.4114884962264,1495.8749841868216,47.03760901234567,76.78590612962964,77.9811384908642,2030.6497546578016,2479.7636117716916,375.19424552841593,373.9424007328963,1340.112081113437,613.3928557900314,616.0337708047365,3489.8906284897917,3545.1091559408765,5004.679541578986,8188.426980175193,127.86650184337533,131.8234543817097,193.25881046473606,235.66745361598498,238.39789604141146,244.82390758492087,131.8234543817097,238.69132716049367,615.5189871886944,622.6354835822473,660.1502694759664,64.01020987654319,68.2153622010288,84.46870254971714,312.04807077930093,398.5347793851033,508.36145735922446,530.1105448416204,603.0704336807725,76.04669475353693,79.15410935711802,243.40769218760713,12.492038886419518,356.7376230885757,79.00259525514421,58.70330833333359,74.17064149305553,34.90898867307818,85.18637711111256,86.26581714060144,16.69474938271603,53.53366049382734,54.52705521682116,72.27951031747709,90.75928149880544,28.636185185184985,36.396,27.041583200000005,12.42923055555247,55.33740359648064,63.62608565454438,180.75752311370246,284.2341306752978,592.6200535983292,649.1438868887901,513.7133917248841,181.71599999999998,1481.6832087583593,2192.61679006894,195.8702222223266,1810.4516231518771,244.8148859077636,101.74377777777777,288.4698359343191,1926.872440266303,82.18071975308659,419.355,5256.5851866848225,6361.642363185981,6361.642363185981,6314.6118964610505,107.13912088103767,1974.8306842276456,1176.1564878791658,4253.60631173231,75.86815404236866,34.888592592592595,68.81613521745005,7.49777400486191,3.528364237582075,344.3248744413663,300.42932444993806,652.3366748768876,644.144700833915,1056.433896946533,290.3135911586423,18.194607407407418,55.13254883039297,96.3002038855721,211.79668859252288,22.449608226836204,577.3084025598989,189.19797222222223,135.30393827160492,1323.2869583391375,1411.1977884556868,3489.3375505922627,3498.993143628533,486.6255359721041,457.0921761247501,535.190588951541,559.0661040021328,193.14304212800783,582.1077186433984,614.6885092587488,9137.784163864044,9976.039456197854,254.8220778165887,265.6192584700844,195.12046255549672,602.6462527945703,4088.943705256268,304.04249556371235,1431.265959259265,5737.692546017115,90.78516967674227,285.9346791073872,102.44671073658937,525.3834401300841,13479.425746047384,123.05789417989108,4134.2943823630585,9328.943274497107,6983.348438311381,16079.888744496871,156.79340737320112,452.8457412620842,988.1254946956983,351.7278599482252,93.16814567901234,254.46269556913413,79.77569837354241,27662.02948518442,32.76209876543208,28231.25667558209,9688.56183003575,350.1163281092723,426.21162453703704,179.94190216687608,77.3951925925926,34.361839506172835,361.11149447398753
2025-01-18,107.48069382019379,948.3947516853974,1100.864402109866,1149.9054498748617,1169.6465951229175,1214.0915226392408,1294.8879731489378,1474.0094738897299,46.848313098765395,76.51930227777773,77.70041729342587,1989.773981069718,2411.183329705795,348.4617475846616,369.0478189586803,1462.0424052209153,510.30173966679536,629.7985339635151,3651.858987317583,3723.477051695676,5253.878812049019,8359.654828352066,139.15461394611805,141.99548818163115,246.2014542364633,308.31515813682654,305.4681039596872,309.6384344927952,141.99548818163115,287.9246617283954,717.5864952074295,704.3381041818602,718.685026274713,67.38908641975297,71.36644375967066,88.27503752672307,314.6209422957089,401.0589523923501,492.76572441663785,501.7076978379094,544.6003773025001,61.457610802920506,81.91354163023395,233.19631332002268,8.999141935802218,332.48408362674576,77.45371175777892,49.83338888883541,69.94274513888661,54.471831430312506,86.65532324391522,89.37299858073743,19.08103333333327,48.11493055555563,49.11822373585398,66.98236969559765,85.5153728511389,32.794592592592664,34.392,17.5786297,13.10327407406825,54.00714178443136,62.196416294285356,183.99766786840678,252.47697660590768,530.6278944548927,606.7013221239171,434.9659663577417,165.31679938271608,1309.667440651493,1965.4461189622552,171.3841481481785,1596.7208063103337,214.9784247800754,112.27716666666667,260.54101353201577,1695.2123600612347,81.14411111111141,101.33899999999998,5238.825546260388,6143.201600405357,6143.201600405357,6361.642363185981,91.23597447496492,3035.432603164473,1258.2155566092163,3806.4074770645984,76.38864264041872,36.16174074074074,67.98443928503237,6.925610587604972,3.259110864755281,292.75410366574863,280.9408036483052,582.7081142070157,600.3585993028729,1079.2071949189249,286.8393343333387,15.947287805555547,48.51553285410797,95.92312677183126,197.62732470754273,16.556558759310274,528.2187288964473,190.007,134.30393827160492,1384.5921043790445,1469.7909361769725,3457.484580577397,3485.415261759511,855.4683492291554,749.2970282617657,753.745936593923,621.4980803854784,194.1206610103342,627.396192265981,604.6783869994954,9268.032150617228,9688.619403902498,274.6139901600556,281.0314680427818,242.4440147790803,579.9707165892131,4338.975565945271,132.78454913007346,854.0929444444347,6022.19713294692,90.57490110803178,292.5938765688435,86.65468242108915,441.52825180500355,12890.813192246122,122.71711111111962,3163.0059790029004,9706.716131139003,6988.3582415284,16707.25151034516,155.2455474162169,330.87729629630144,1121.133047860433,297.9396985451767,95.19044074074071,273.0350407554133,80.97756926273178,28213.58359259246,31.44553086419751,28827.18578851676,9958.798463129151,326.7392945154052,443.21993680555556,195.40804695486176,80.24088888888889,35.076888888888895,304.7901270571018
2025-01-19,105.13227297315618,991.2256496313228,1070.8475200742107,1107.4489396107538,1127.8167337541804,1178.213532862144,1269.7697000516082,1448.0813024760814,46.56536440740737,76.10454841975303,77.29796087830242,1970.9371749609809,2354.668804277371,306.24252091919703,343.6885023065854,1480.670900113219,479.6350654898991,573.2679129095998,3677.926113536215,3789.1571784170183,5360.4148150334495,8573.032338834704,213.7324330049122,215.25692189745723,543.429879803803,580.8646170437581,557.2169793879049,545.2147018146271,215.25692189745723,322.6027740740751,1060.6771617476538,967.2083326202145,907.5199887967752,74.4982345679014,78.12311680185198,94.59374749467598,322.43698497814694,405.2424891105417,500.184933456562,499.0358795472286,520.5172076723314,63.743838580823486,65.70335459891896,213.36224080851017,6.990266446913189,333.23641515772795,93.68242200945116,49.62760555555499,71.56703645832967,92.99792778868913,88.29537618888568,91.01391187038973,16.067749382716027,31.022904938271655,32.6357935851338,52.83379245555141,71.149737796109,32.896444444444384,24.722000000000005,14.382266300000001,11.84004351851578,52.63509264721699,60.63521462934025,178.25583460896513,253.5036277006169,458.3731807783935,533.450398690515,313.74073854056087,144.26129629629628,1137.0968750208112,1752.9913804320483,166.57468518527622,1410.44149422495,191.3708754199671,134.52991975308646,253.39222975900037,1508.3135875212906,91.10689259259209,70.32433333333333,5254.454298791714,5872.795063228033,5872.795063228033,6143.201600405357,73.70020998734607,2666.9177090773546,1250.5480569023553,3244.5557047150937,65.44201049482524,31.583037037037037,62.13951303192274,7.047955064555491,3.3166847362614074,266.04176809622976,255.9747621706895,516.0694981165316,532.7499023389935,1046.1242935324728,269.3882549733766,14.396188268518522,42.32703386736146,74.30455814687103,181.3759242538767,12.634679651449993,512.3115321706318,190.7710462962963,132.63727160493826,1419.2202084594805,1526.5320967238774,3328.728433397313,3383.9748968915037,815.5866705612644,907.1299839618922,965.9749913044514,810.0701338872923,205.25274491844587,748.1297372252819,620.5663430747302,9501.66722214183,9683.913506560964,274.6138891772628,285.9793662121766,510.4180278491197,519.0649319005324,3838.680172295831,69.47420150097338,584.5860666666708,5904.711758309095,92.60646476074949,304.08196157132846,69.24025344442882,323.84284085865926,12393.465739245361,127.50741798942065,2919.5794095700953,9668.762892575132,7238.760617961054,17938.18727557931,154.21248577407414,318.4006814633031,1351.5636957975019,269.0747983902741,93.70126666666665,257.00462979031016,96.24057884788253,28585.776288888756,28.89097530864198,29420.474457550183,10142.482733780835,326.5591525437487,486.22924907407406,195.25555502295626,82.05510370370371,37.39533333333333,273.63221294963006
2025-01-20,102.04321643562528,964.3212713258449,1122.0067785076424,1137.5242845863895,1143.854017973775,1173.2087416740242,1256.1819416897843,1448.8219260143255,45.690227444444446,74.97301292592591,76.2390500565432,1967.4377078153584,2326.3579709662467,284.77379883496064,328.70779054353596,1331.9716962661528,420.01502596317016,511.8273999739825,3474.644671129433,3657.5639575041514,5325.780386713547,8709.290590643479,331.02845385723367,324.2947849048629,653.7806298820926,741.4522304100086,731.6315921555441,730.2815129551843,324.2947849048629,618.3018777777778,1715.0298824673414,1509.2631814865583,1307.377528966179,79.86201234567913,83.66181566234576,100.3424443583024,334.6384191080296,415.7309288735586,519.7549941140913,515.9843696611823,542.854271957423,66.59108425983794,70.47695386887068,207.60511727780082,8.111436625926356,297.5461471761399,112.54445717242803,67.6773083333336,68.30478715277711,89.5124515709375,79.24070831798616,85.39544809694813,15.751782716049362,40.51071447530852,40.56249935995358,51.639190343433626,66.28422928329022,28.22251851851858,24.785600000000006,10.97025506,11.646430555552472,60.85847247554789,67.65603645820696,174.01164915493848,248.68568994364432,435.7109832489613,491.2369046561836,241.75457140940856,120.7744135802469,953.0514745744317,1525.5395609673876,177.61791666670797,1214.371381856651,165.1180620551205,148.53995061728395,221.11103180199692,1359.9370608112924,78.37885925925973,50.64333333333334,5251.274230961981,5739.621842556685,5739.621842556685,5872.795063228033,66.28824833154508,2779.2535337023046,1183.023542825585,2868.498606222082,52.6507621411312,30.277481481481477,58.30278431434362,7.337522348034696,3.452951693192798,297.47102456568626,259.6063350712245,466.6236626103704,479.33522649050184,981.9436796097963,256.6107308521821,13.152637342592591,44.485946447017284,82.81444047113567,183.07992544376478,13.553561604604385,536.946450770765,190.1020648148148,132.32399999999998,1438.1838410856126,1558.3530455626237,3329.9070136610585,3347.4405218563547,482.050693080176,720.3871063040451,951.4545197236932,1015.1969177241863,210.34508560164667,940.9659021799365,686.4482529304678,9724.094553337885,9863.287904835313,256.6250426861508,271.74320126573815,644.5171481297306,473.781188416038,3300.520399608581,74.06910983198385,409.000755555556,5090.050026838188,94.52456517687911,300.4474351686094,63.971022170620294,247.75341867033794,12108.106201856572,142.7127671957669,2515.5316297245186,9644.0395579438,7332.514004350872,18916.919064570204,155.1062926743856,304.9385099216183,1379.459276389329,295.7542586604008,93.58554938271607,233.75320572202006,115.29318437732553,28743.832185185118,28.87962962962957,29835.346486770686,10466.311678712915,352.24194023032413,544.192,180.11676452795592,83.06098518518519,39.07180246913581,295.9372071058972
2025-01-21,104.3164821472828,932.7236933270121,1094.158497010984,1132.5471720094536,1146.1080399368898,1181.0013323359394,1257.1192864216152,1446.105751549212,43.85795530864198,72.46255582098767,73.86330129641978,1988.6717304636024,2307.0811175182016,271.8534510631923,322.16296664412044,1179.214384076833,385.37359358036946,460.3563690960515,3168.876465786942,3382.8570519522905,5103.054706005313,8707.23485891656,415.02855072089227,411.3073192101019,666.1856244713324,763.773266040973,768.8708472401865,780.9397308076459,411.3073192101019,703.5667962962959,2119.7503612643422,2005.5072031745233,1817.9413652677258,84.83844444444416,88.37922437325079,103.94877176561195,375.255384667884,435.30603560727604,549.0766426184834,545.080682684927,596.0500001676756,85.51814722220693,68.50339479558025,203.75814841990388,7.514176877778012,290.6436971995997,127.7044484806992,79.166927777832,68.30012048611046,94.98243711283715,75.12406987830786,79.38236338478723,13.7873012345679,64.69948611111084,63.88588214133204,69.38228584626614,81.45581614105562,24.98377777777783,23.782600000000002,10.31375,16.06379259260206,54.660067301457424,64.16136223448186,159.8893042694375,247.35683060346815,446.54186536443854,490.85450792043827,200.82393902244704,108.79254629629628,816.1918582700112,1314.7329211408535,191.50574074083863,1036.1355049708168,151.05973324537018,147.68887037037038,183.65981583791614,1226.3562197387705,75.69812222222183,48.296666666666674,5330.855030758057,5480.343187680603,5480.343187680603,5739.621842556685,64.12948039765107,2624.8197002831453,1156.0345489555991,2547.2689004613385,46.555653986172345,39.27748148148149,65.82515077318473,6.795363506140825,3.197818120536859,357.10937922079336,246.66280612617507,418.72823954224845,430.891118029744,949.9633549523217,250.99523181739198,12.81852854629629,57.72652259420848,88.01486357624826,206.78635238521395,13.080431946975773,585.4489568872871,185.005,142.32399999999998,1494.073979741897,1593.27888920797,3395.823768647212,3395.110904298473,388.95874560901314,510.8506336834552,760.5826467041896,1042.471679946358,200.43158359093738,1062.4283295437956,826.3012703860154,9889.265284984574,10150.553862563518,210.5467255437596,230.7802073406763,668.5489798641955,448.498305695953,2936.073991556653,134.11411904607397,313.38966666667216,4557.200954535356,94.07875982202593,272.6323291730563,62.474737413490594,204.23482505469383,11997.806470950636,158.1809259259257,2265.091332714293,9623.88795587589,7427.883323842357,19521.668352421882,176.58238671977938,318.6240555555576,1211.9950188082366,353.2227601525466,94.95869629629628,174.71146747587306,131.40574541439412,28697.152081481414,57.04829629629631,30035.44849833948,10879.257120773002,369.45721259483787,588.2571858796297,167.90196732376188,82.51501481481482,39.0708024691358,351.3223685473447
2025-01-22,110.53931049074507,857.1578943762589,1047.8476622211786,1088.6486530003597,1109.0881077106744,1156.8262678445317,1241.0694634472727,1417.503198037766,47.42159675308638,75.57804347530859,76.3222781706481,1992.2216758104805,2306.8996612922024,263.59515648802085,306.4536122357224,1076.8120642400138,369.102729416722,420.96125604183914,2937.279350267712,3113.302071017658,4692.729553144651,8468.659425263693,432.26479579690425,437.4104975132917,608.647239584631,700.0447718625052,713.3603525567501,732.3689812295728,437.41049751329166,596.8978999999983,2023.5103349349456,2097.6117914716315,2130.5646094346134,107.00248148148158,108.95655747098775,122.71503735841064,371.0609241185021,451.6411999295875,589.6777270158933,584.9269620503553,663.9657992429386,115.4732546296439,91.03607512083171,231.73098359089963,9.815353451852014,316.20190715890396,108.32526170244222,73.25225833327943,69.92474513888662,69.2216410820152,80.41547684444677,81.55111873598034,16.118116049382696,65.84714444444455,66.22268655632725,75.7738130503547,86.8003384242584,23.905530864197576,23.5798,9.982175240000002,16.070392592602058,43.95266322181547,53.02354428659488,159.1986168657458,235.33440308494932,459.75006056273935,507.30801101406456,187.80475294511407,119.48930555555559,727.6243681578485,1153.7091536244839,169.3305925926303,906.8357648529004,145.47751245227371,129.1851172839506,157.67818594547555,1065.5444625689552,95.35544814814827,60.617999999999995,5295.859250415234,5303.9470704681535,5303.9470704681535,5480.343187680603,60.10171016101279,1778.1622776061322,1077.818234782538,2165.8958082873337,43.49241787432341,39.31914814814814,72.28785341027927,8.061862587483986,3.7938176882277577,396.7409016981869,234.47570317323147,393.4961509104184,400.86982880271944,915.122184918293,248.20754856539457,13.129563611111116,60.873475802048915,114.9143494839634,233.43018644772638,16.09764658989228,645.9234693238984,179.90199074074073,142.32299999999998,1501.2581735144815,1635.6305113941257,3637.667866265866,3587.5761245937583,338.3783124763941,443.8801581315772,631.6906939790915,896.2106070865609,186.18612182715339,1013.2724891600523,1000.3888153990308,9867.180258867933,10454.231275517814,195.88926815705068,207.66090646548506,618.8280341038206,432.73915783721316,2581.5142943514293,133.41522827003507,240.5363074074049,4091.2415158119766,94.4877978748236,237.22943987359423,58.05984508849647,188.88968511822517,12287.720558355142,184.0589417989401,1813.3782847586801,9510.790018050218,6968.1258453893715,20081.526817650716,204.7508324264529,290.0647962962918,1141.6580842595388,394.6417355986749,94.62692962962961,131.8504040923801,116.23496847266846,28464.469,84.40677777777782,30028.509635961465,11231.054339276689,402.445897934127,625.2199368055556,158.16450885520422,80.86831851851852,37.37844444444445,394.39938304110876
2025-01-23,105.52009642138377,795.4320042576289,967.8306666328397,1017.3023457077389,1042.9799757387455,1101.4645598716652,1198.2336828218045,1378.0637894402537,52.17076506172833,82.7326997962962,83.0793582531172,1950.8314677988108,2298.5299615343297,257.2122889450879,300.7141105253545,998.7574950285932,351.9894779834812,398.7867762115567,2847.497519887732,2967.2728634124546,4356.303912366284,8025.918196889109,393.1004205727346,407.9664918296766,556.5822160268544,637.1530002424481,649.5738353528363,667.8492027115378,407.9664918296766,585.690437037037,1765.1129614468277,1903.2055080551986,2104.804025567069,105.92114814814818,109.92500873333337,125.60772533557105,358.1756023840233,445.67753583148146,624.0357621451618,629.8712482410376,770.476812090083,119.50189907404545,123.8884748953313,266.585718665273,19.840544438271497,359.8572303008111,97.69191832755905,65.725294444445,70.73522413194142,48.6971921447484,90.454201270903,90.28932583254247,18.83406666666671,54.47306790123508,55.39233847942437,65.2238329573157,73.48532440934054,23.637469135802487,24.3776,9.81363284,18.219511111119026,41.79195267607219,48.41183018634669,165.6581182766289,237.63117855545877,457.1945090332907,512.1755111113016,207.98823789293178,131.21494753086418,683.1638610996667,1043.9039323588847,162.91307407413146,825.5204520195738,164.1561470502884,112.99430246913577,141.8379326495611,960.8179224363205,96.26567407407403,80.27299999999998,5350.107602289995,5330.855030758057,5330.855030758057,5303.9470704681535,56.50725014578473,1359.9501599354867,998.85181417569,1806.8583280917537,41.916685722790966,34.30988888888889,69.44413566981504,6.644582610059726,3.1268624047339886,489.53723624063167,231.8974751123122,379.5193326766492,384.89195494863435,914.2013046789663,249.59207118115415,10.712427037037036,65.09029798720894,137.44189717392828,260.6166354769739,30.815393200498875,739.1468395307515,182.5339351851852,146.32299999999998,1537.0493545694467,1654.4832736045873,3685.0792218465813,3691.635636074428,323.15174382910885,411.80002466941596,583.749529143085,743.6479888145811,174.6952027081266,859.8769519904154,1077.310071134547,9563.786096015248,10614.19751851046,191.29742997267365,200.36262096058996,565.673742568235,421.42279790982076,2202.1873577335336,96.2950804570932,207.6329222222197,3685.82267174446,95.20091917146776,219.68861614400677,54.71963667043315,206.30628081394698,12849.353378178694,211.57687830688005,1529.9614323123742,9344.043967363443,6202.736811725439,20120.83472800667,222.15908151865645,332.0648032778844,1112.131826678446,483.2891544780924,91.32415061728393,102.02442609488054,103.51507306113952,28201.964800000005,57.00600000000004,29841.553667133554,11875.172049618288,518.9391805731268,650.2013122685184,149.51904143135798,78.57512592592593,36.868518518518506,479.86172588080194
2025-01-24,97.57411773261383,803.3337084054997,922.6707489070758,965.129200879387,988.1172857632555,1045.649629093693,1150.981992638176,1361.186262641089,56.703506530864296,90.23527124074081,90.65097887879635,1922.4814916743583,2247.786146182162,234.19481290613035,289.49089969006803,938.5218415328198,350.62009408623214,384.8355896368964,2720.0896768584334,2846.879103603451,4124.231035763303,7604.873604391818,348.9172873545299,364.1557517577102,504.6740107712891,589.257530450349,600.2459211169419,617.510289714576,364.1557517577102,554.3936518518557,1600.2825181347903,1700.3356539885058,1902.65759504276,98.83981481481477,103.20366626666662,118.89949088746904,393.5399733702909,452.6234356196871,639.631539036214,660.3222110387078,871.3028547232021,143.69802037074518,132.54461456762715,331.6355025754155,21.921152679012057,395.60142804163536,79.97031395682995,46.52680277783084,70.73155746528407,41.87536561287948,98.61035738518629,99.41445842318718,18.515100000000043,38.63421787037059,39.69628000012883,48.486781645551815,54.45056881317163,23.786074074074033,26.375799999999998,10.2394725,24.657911111118647,47.79190056334659,53.24445811792549,200.34671648677977,243.2061781887362,440.57069296484156,499.65916696537846,172.09335487293097,130.1600586419753,671.7728042268138,987.7550408912236,133.317,788.1340376031732,149.43477977686322,106.9064444444444,130.80995162230013,869.223841896491,86.3359370370372,218.265,5395.364821987792,5295.859250415234,5295.859250415234,5330.855030758057,52.79458599014106,993.4351516104714,855.8780352762103,1629.1675172144398,36.00180427789158,29.993530864197528,64.2425578099853,7.8028994521451285,3.6719526833624134,613.0764438663235,210.50816062168278,369.47294489289993,373.8440944129012,915.3068469329893,239.90163689186886,9.212548064814817,58.52000310826915,150.94659940264006,277.3098337731709,36.933076461033515,819.5850322222185,174.71696296296295,141.32299999999998,1520.2706674583028,1673.3829005925827,3692.420779006602,3710.2071740071515,374.00362078268967,411.83182121148025,533.5154065658056,686.2152907661786,164.3874032454483,753.8257558527814,1001.0558099582458,9097.165876039466,10532.965866049413,195.63534439074743,202.64763059882145,513.9070964541849,392.313311850585,1906.8840897196612,69.62349820897316,184.19912962962707,3360.4278051246065,95.63558794266865,216.3188717930046,51.03202427846757,175.0845951245977,13482.41596686573,228.26604232804866,1422.0548416237796,8951.556846289563,5719.362860241331,20010.15998342029,214.69215776911733,318.41499431716636,1003.7577921297905,604.6411957737535,87.6861617283951,84.46089467587561,86.93909829884264,27975.257800000003,36.92829629629623,29619.335800601493,12478.596234851728,662.7676549896677,646.192,135.0466918742578,75.7450962962963,36.54532098765433,599.4876880024152
2025-01-25,94.90242223255599,846.9322284588346,939.3608054253169,965.4645242782236,978.2105212384795,1019.0059277952766,1114.206858455219,1336.1574642968217,55.89540603703719,91.58742061728418,92.79221325447553,1944.755005517084,2220.3064193617583,220.62905746966035,261.60048967669366,882.2648757247377,360.6791222121968,379.89648927383803,2631.353865020331,2740.594310467131,3895.649712698364,7283.7333487239985,315.5483497001293,328.9823470727429,475.9503620861418,566.467666662334,575.386996305505,591.6292793831346,328.9823470727429,459.52779259259154,1560.9481663793229,1613.7371697006815,1751.9202400780152,129.72707407407376,131.02432248209846,144.52178118137306,440.28931604995716,495.35712453381853,685.4878899810761,696.6832062193636,938.3728133079426,148.875845370014,160.83553694691602,351.24469021494673,20.1239997580249,480.9174487135334,66.12899791091822,30.657783333332816,67.74064716435164,75.49084955696435,98.3643160222226,102.12450431990187,16.21398518518514,40.2702283641971,40.357109968620996,44.257968636636974,48.96203923793425,22.05967901234564,27.3744,9.9645107,32.196117592594625,76.1316547683843,80.12199703680963,204.4924230325554,272.9899883970645,441.5514282937484,495.154513554029,150.11216350870436,117.45079629629625,607.6200728379976,930.345530272728,133.09683950617526,743.2103501664861,128.7633965845421,102.32663580246908,126.62719157042007,803.9407643204203,73.99891604938277,224.25799999999998,5438.933014600141,5350.107602289995,5350.107602289995,5295.859250415234,51.204911985501695,632.4407418521512,724.4689955133128,1535.0738204885763,31.45265607373659,28.53365432098765,56.578871709639955,9.444628532402955,4.444531074071979,720.8466806091888,181.63031610897113,373.92869428455367,375.2329081567205,879.2721614923689,234.14142489128528,8.135319240740738,62.15309891416772,169.61873104345148,286.45047138181366,35.094596438693614,873.2329998638514,190.62089814814814,134.32299999999998,1570.6838501597101,1680.8850340124154,3702.382578154372,3719.0930575029392,545.6370954095702,520.6865993794823,583.3644347529255,652.7613490327503,152.32338086684044,713.8179127639174,859.3331164719071,8627.634560211533,10181.781702695276,176.81034238996796,188.8342468816939,482.7223899461839,365.52931262825183,1758.8846318900983,55.43465394331951,155.75254814814815,3128.6318321809104,96.77029132015679,211.11404752694315,49.89269290851906,151.94392945572324,13924.136623767501,240.5070476190452,1334.6409115513898,8369.181395185073,5288.686710471542,19786.247872625296,196.72240706613422,375.0096997560377,950.8793151622276,714.0524201072706,83.59722222222224,66.60880480535725,72.73427700060327,27662.547000000002,61.81455555555556,29423.811836686134,12862.091733293593,803.3711486690568,668.192,134.8124611210262,73.96969629629629,36.21132098765432,710.7657315727772
2025-01-26,94.25049225504901,873.6486709838994,981.185189872682,999.7109748390653,1005.2899102306961,1030.3818897327178,1105.9197669894254,1313.3418975290201,61.30717437037006,97.30581953703677,98.05060696512325,1965.135259949652,2247.6104246502723,212.38104045423717,246.61580411762807,832.6106425403871,381.53314221724486,387.3811076803831,2544.67378626392,2651.2976768121007,3730.443902599283,7018.031442219675,284.4812997718506,301.80593315955286,536.1015776746387,613.0708945619847,614.4693936489749,624.477329878905,301.80593315955286,412.3372296296302,1542.4452764853863,1590.636899782607,1700.190552524164,109.33192592592624,114.89520511790147,131.6586917800927,471.30066574789475,534.5418148512542,726.376030695877,738.6308117957759,973.4429674200444,118.71571666702735,161.6229725797677,349.27158745475344,14.28337836172844,489.1373694135201,59.30346888683067,36.08606944444402,66.6438828124951,73.99408098843497,97.06565806666616,101.14883470348127,13.193034567901236,41.5938558641967,41.88358786844055,49.87438880111064,58.96522643499832,22.078987654320983,28.706666666666667,127.45639010000001,34.068851851842965,97.82588582101556,106.63358521624146,181.8760240249857,294.31238088343747,470.456071920467,518.0437176949309,137.68235225751232,110.9332777777778,549.8742368798479,846.6048554374323,132.0848,673.7245062019326,124.35291567371868,102.75024691358027,132.1739381360202,795.9769288034097,66.73049629629635,426.256,5430.198870442972,5395.364821987792,5395.364821987792,5350.107602289995,53.87701466904963,455.13874740360995,651.4444830226895,1427.147425748975,29.145393488330125,31.944148148148148,58.22587904831042,7.571452772816801,3.563036598972612,873.4037721683607,179.24446502618903,389.87433424489365,388.78973648606814,857.2062116271256,233.7454351863343,7.696517052469134,47.80699754384499,186.58307910365355,299.2234778324897,26.37365738933655,906.6293361899981,190.81302777777776,133.98966666666664,1596.5109044577932,1726.5264971484676,3790.017316859371,3784.565976003746,693.2768600648448,682.586165464995,723.0954629043563,700.2649469528277,146.11993344080267,724.7735253775992,769.4390776526775,8244.431710492881,9671.976870075358,171.7601416855036,180.1313330723173,532.0564759326411,349.45903363655253,1643.4789912557385,45.343748872568035,145.81561604938187,2859.7105556533866,97.22448648006919,198.827309433938,53.2368117111612,138.7181698617783,14142.068399239164,251.99614814814598,1241.2136704947727,7683.6839833368595,4771.779338651147,19559.845104451986,191.59325082058015,394.0634164554307,979.4461163356813,863.3400354179429,80.91723333333334,52.37420371444212,63.71125675699654,27459.431800000002,79.53414814814805,29143.134047200783,13140.359655204686,893.740779764482,657.1826877314816,134.37293126372336,73.05170370370371,35.080691358024694,857.9643453763106
2025-01-27,98.63777631055784,886.7850757664348,1020.4177025897486,1042.7183513205835,1047.721294298879,1069.9907105787208,1139.393161491297,1349.768604873762,75.90887977777797,116.53092507407413,115.87575075805557,1984.262740921539,2285.048796695308,209.78146480698402,247.26371424396095,786.1966399407592,358.7838483157442,395.23775222503144,2499.246933304701,2593.609809160813,3632.6129965732853,6833.86608776808,248.38361063403366,263.3269235906195,431.0200024252696,538.985490413772,553.9810937552841,574.5757637944989,263.3269235906195,410.3930370370335,1392.4748030079509,1485.1741797447776,1627.3404864934055,110.64974074074036,114.25650027839474,129.26600975432072,498.04772813575755,560.5127476444025,748.9400448771586,767.5387069201013,997.6413967945059,73.25833333332773,129.869588252993,340.4263924519806,13.627483928395101,468.4993491782767,80.0600556425535,43.68230277772563,62.92897270446901,56.20824815372513,96.93943922592425,100.60412899180268,13.205367901234567,52.021983024691366,51.863204186213956,58.70614738313475,68.81497111629105,24.23751851851858,34.373000000000005,23.7347489,42.72313333333334,101.73908712370563,115.56131837273026,310.9833939723204,278.55533940565175,616.3037668568518,655.446934915251,127.8942136147515,145.85171604938273,516.6473800892237,780.7275280709346,129.11399259258414,621.1819519888865,122.85216130556495,108.00598148148146,128.77656905042994,800.1098240756547,64.74857037037047,329.25199999999995,5474.393534608233,5438.933014600141,5438.933014600141,5395.364821987792,46.809292376232904,367.3860048076331,609.7606453101679,1386.7436623476574,28.35502566940321,39.046,84.83220751072568,9.07534156282468,4.2707489707410256,919.9754047899036,183.0870610409568,387.78437745796214,390.5415063015766,841.4973650111203,261.18529909270393,7.666031932098763,49.6723784248058,158.12396519888404,287.0732993456235,23.58519082205254,932.5148511497783,188.38610185185183,132.98966666666664,1598.7340831701383,1745.6756125324587,3909.256872315241,3895.3194552683894,716.7380924642146,785.4248732422933,888.7267100301602,829.7951087372562,146.32264677780032,813.2372729247661,741.4167642824157,7980.636358466507,9187.592082749828,170.03567480447646,177.50406218218922,447.3834205104162,342.40786068051113,1558.5776690112352,33.82253995435237,137.02820814814763,2758.5567931962632,97.48420444012191,192.26966528215337,44.327225370413984,128.70989183498156,14081.710975407113,262.4667354497338,1237.7804968552146,7172.078335542586,4481.865477177219,19307.130940858005,183.40652380184858,301.92475326827565,962.9065703639499,918.885058472894,79.63263950617282,47.057014920729884,81.0403212829642,27313.511400000007,80.13700000000004,28968.503810760758,13386.560262330608,885.0685491791185,647.1640631944445,141.0461241801555,71.75871111111113,34.55654320987654,921.697968066632
2025-01-28,126.49393617776927,964.2849211286605,1045.7278767843707,1074.2796597506979,1082.5735942396113,1110.5942561834074,1185.2901952716138,1409.4842874288145,83.8663008888887,132.83417833333323,132.78878435092585,2051.5474446055505,2305.3867250341673,207.5074812323099,248.48067635074202,769.9010711255504,342.87790542855424,389.30736489124774,2480.4399391433726,2573.600486626439,3622.6082764499024,6738.275299868479,231.76800292967957,241.48561418001336,379.3681285938345,472.45169007344344,486.1942379223993,506.8475445761694,241.48561418001336,387.4175370370387,1228.215445136152,1327.972778641988,1503.670394340409,108.33229629629693,111.94008728148202,125.86005637229987,501.3905647747099,570.0163951125236,759.1881927849968,781.2262942549455,1005.8930622781992,77.67715447588445,78.74657967970107,333.886157856399,11.104280081481372,458.74856268697806,118.67695491068636,72.13975555555527,60.57268157793252,41.21032047270966,96.47658801481458,100.24279605473535,15.91798518518525,48.54173641975325,49.38195903677999,65.14260218186536,81.68851545414059,28.23951851851842,35.373000000000005,18.3316685,48.374780555553066,117.11309088212427,130.30666043739907,310.1536907983943,427.0307498434449,777.5573192054429,862.8772061058758,128.20822763236296,244.34615740740742,503.9370216768413,746.1017121087123,126.66728148146854,594.4197967986332,162.0989420451483,117.01590740740744,119.95691264501731,754.0064104373872,61.68739753086422,233.25,5520.586227756246,5430.198870442972,5430.198870442972,5438.933014600141,52.10870241899651,322.519045972939,569.1659681395386,1363.1317842530775,39.99601742016449,57.32740740740741,106.27832100376773,10.438093292489516,4.912043902348007,884.7559185177619,184.40580550332217,369.99343201193483,376.1780418248679,829.8719019513837,303.2021090548014,7.607850719135803,46.33501541022495,113.37555157611092,257.002712351083,19.856320493477227,941.5093124264458,186.81087037037037,130.3739259259259,1599.1745875393403,1747.4197657322964,3939.410358677135,3951.452303421582,871.387321051914,881.8411769413937,1002.5167484270214,1001.4897360856055,150.54778476115482,966.6157859541337,771.4693893181841,7870.214458806732,8837.334870635872,179.4841696734475,184.5503617033161,388.8637670099788,338.5475303764589,1521.209013832089,25.481104662362434,132.50633703703653,2669.281709562293,97.60144856191567,193.9992295445222,52.25444830394397,128.182059797562,13816.625947682229,272.63201587301404,1204.2274391717488,6808.004968091812,4216.498129758299,19190.80458561737,177.7961226268686,289.7986951846959,937.1534807898468,890.3746651464935,82.6224037037037,45.01476874674364,118.26541198157003,27018.985600000004,79.86585185185199,28829.620480809303,13575.907255328215,849.1849495448653,707.1640631944445,147.22638301350946,70.45110370370371,34.73455555555555,899.907303095391
2025-01-29,151.61605248036182,1080.217548246463,1114.7482439362336,1128.2248719810166,1130.892866153801,1150.5481068998986,1219.4187763317402,1439.901295817535,99.11283688888902,154.06162088888894,153.71911488277783,2179.747640034281,2377.649030844317,195.71066752048685,245.52177327270408,753.9066535338643,336.53104389717294,375.33448652595297,2424.157765676158,2508.4408539762185,3392.034754723021,6741.254243558365,234.56616329745216,240.2804299214497,371.6492984384896,467.7527835411239,475.3552395109104,491.6534373091698,240.2804299214497,374.1224061728398,1149.2394527274507,1219.1793008941247,1374.4129116959602,143.35944444444388,143.92209153395015,155.53901680452128,560.5477374826014,601.01776399875,785.4992032551373,796.6343363259122,987.842669589281,86.21396481539966,87.25492347987611,330.29503873200844,11.294237316049179,454.8516104721707,148.52616418584273,80.7524722222758,61.57034824459919,104.52493378773156,90.03703498888764,95.67203947762097,17.629969135802384,55.28016632716082,55.273920929398464,62.07489779602762,71.45854334543758,29.77392592592595,59.374,32.486313020000004,50.625541666665754,139.68232431759793,154.36035408969738,391.3942423378492,419.2322229198849,922.503273424483,1040.468779963669,145.19496668666275,409.94702777777775,551.4920044252436,749.7207132685925,125.81668888887899,607.4891407384193,227.75351495012268,122.27264197530856,130.09477892368002,738.5965737876479,59.255277777777756,332.251,5565.411396478188,5474.393534608233,5474.393534608233,5430.198870442972,68.24016072569843,258.1401125480041,548.6245143044636,1318.9403546018152,69.67067680078361,65.6237037037037,152.82079858227408,12.756651323973136,6.003130034810887,846.7308733109359,179.01687626674064,358.35361466793444,363.142775685711,822.774567839796,337.53938590999553,7.3558321481481475,55.699403277463745,94.50449308538846,223.6884539212844,19.3116751403289,929.7354160333019,190.52499074074072,132.32299999999998,1616.7587698007685,1754.4940127569184,3963.2231995893203,3977.1593325732665,799.1566559582839,924.965400393997,1075.9713150504292,1134.9457607776685,158.2703056209352,1124.283693719465,876.2460696852313,7936.566657885751,8682.894303499552,188.41721535088647,193.98198185991913,376.19909903476275,324.1271345314999,1493.645386034247,23.139953033772272,129.03196222222272,2658.1289560069317,97.01091711381825,202.62948756093618,69.55962021050205,143.77940509880443,13499.215813365146,257.9391269841265,1147.3612146133466,6568.75172408994,4027.5572828502277,18729.273557956076,169.20170384708163,282.10162561866497,873.1355478542534,852.4680725988313,83.78963703703705,42.82049490690739,151.83019203655581,26739.8534,61.06229629629618,28535.82934336778,13695.365915240334,803.7942940206347,678.1640631944445,163.25149493049335,70.55831111111111,34.52676543209876,862.47614336623
2025-01-30,159.45823850794432,1236.814875871073,1235.969481383729,1235.050297394265,1227.044797784643,1227.7517464718346,1280.1902986535997,1488.7107498211983,103.42470159259247,166.56299357407403,167.498766892037,2289.3434391816127,2501.17849639176,189.7185545227368,254.01743780460993,736.4116999222524,318.32535118360175,363.1961453977517,2403.9042612521357,2470.26639599959,3312.214068469253,6674.0152847959935,250.26255612348743,253.3063987032805,379.89835753464956,478.3276766537043,484.6547924118786,499.6831384658388,253.3063987032805,377.6971024691361,1168.9669128101493,1210.9784554818084,1332.1455343618607,169.26059259259281,170.82466795987668,183.79244107669751,561.6025669819157,637.7852458903799,837.1893822108207,833.3679744867206,974.9804768650267,98.86876435187335,93.7195326989586,316.9627230840139,8.97010997530886,432.45340386409674,152.8708332070087,90.13064722222167,66.0915304398214,163.5159610268517,87.74362721851887,91.82974201081153,15.325820987654366,49.88902839506177,50.588080786136885,61.241741628084284,71.77789289804475,31.975,61.375,42.642829299999995,50.748704629635895,171.70111515832232,188.67470109660277,507.056175950586,505.70663627109934,1002.3493819004391,1133.1858522552104,154.29122333137335,480.0686790123457,655.04923107602,816.6743851582592,126.28331111111022,680.8623306411596,374.8696635391416,125.35499382716056,161.02608103223253,968.5779723879887,100.56402222222212,383.255,5608.418279265383,5537.901042571061,5537.901042571061,5474.393534608233,79.15804445532861,233.3609479579162,549.9776360779132,1359.7247178985665,63.26729521779427,92.08666666666667,158.25852590860598,13.622999324080126,6.410823211331824,765.1274879520414,204.90078290187085,346.4360384417788,351.3896682511184,804.0492472554414,453.5819870060818,7.655789657407411,158.60774133956363,102.30440138184244,251.50778136891483,16.131780978611353,930.5268685378325,190.62005555555555,133.32299999999998,1611.3053867452186,1764.8523067083024,3936.025062493857,3964.472504202257,780.5912337059867,894.6823117710405,1111.4727024152664,1219.1990508738666,170.87866957353293,1236.1339693128625,1031.3716311023227,8046.354326860321,8650.83147743478,198.88877837848145,204.50230238668763,382.7096259988958,311.48151100739017,1482.8312770230823,20.154648268009574,127.35920864197617,2676.0138183135546,95.76405324317672,213.2775782410314,78.9466539820783,153.53320194431413,13049.104665671231,232.28234920634753,1249.0778631318553,6461.086182013255,3972.1573641365026,18363.5848966157,168.97837343266244,287.22231222113027,841.6666409375687,774.248682566654,85.47354567901232,41.14844043071599,160.34062257703613,26566.115,52.57255555555565,28243.183065838624,13749.57836494985,725.4198986380536,648.173375462963,171.4658851116744,70.31181481481482,34.55045679012346,786.956065072992
2025-01-31,199.16643494741075,1409.416533679445,1415.194642158048,1402.4255670579648,1383.9025868496062,1365.3153793708516,1400.971883943467,1600.3242136841877,103.6953070370372,169.02506764814825,171.2526844036112,2371.5433320152306,2630.8524834479713,197.9524973117023,275.23793194663284,733.382541453691,313.0562992572409,352.857714078268,2403.0103014411243,2471.7537134997333,3436.6728423957484,6725.091850051796,321.92523777785254,314.2092770401885,443.31331090504,528.0302758634607,529.7496453152472,540.5105591991475,314.2092770401885,382.1318234567916,1159.8253065795907,1198.0905914934049,1286.9620423592544,142.24507407407424,148.7605256913582,167.58130738618848,502.5348352158468,621.6987755716882,844.9866704605104,858.0879386951633,988.1909777736985,158.07304583334354,114.1982,377.49377338672747,10.423223080247082,417.2489729908242,186.45905909543322,149.83539444439128,75.47071801697489,162.88284013611704,83.77748754073937,88.30582420202232,12.635537037037016,47.525711419753684,47.931257928755706,55.05638117678891,62.474468988185315,35.21774074074076,63.378,53.7199004,55.2354731481473,202.48408339398196,224.24478874747908,464.41782932910627,627.5525304959197,1007.2243003522826,1150.3734681109281,168.8000737768101,453.9939043209876,807.410227185956,944.9284444011741,128.69637037038538,809.7564090291287,405.0002028305213,126.51869753086417,214.89234871614872,1099.296320010466,89.18042222222209,443.26199999999994,5544.241845693141,5626.096581663373,5626.096581663373,5537.901042571061,97.25624899253935,203.64986870955082,550.0627335328867,1532.0381446310716,40.54516833097296,102.8875925925926,190.6488445025551,10.065602557402663,4.736754144660076,651.0763556373456,223.67058662916978,336.83621817884193,341.50679783220613,802.5876624346222,580.5066065907506,7.680845712962963,253.74992939684418,119.19154922412221,354.2444660327671,17.41239164426471,951.3512681793505,188.8098703703704,136.32299999999998,1597.6506281040372,1755.7383809271614,3919.0474605896898,3944.1184087284055,1008.7599264504695,990.7118976588016,1127.4687332763754,1258.7842032831697,184.16932447587206,1298.4053661962876,1178.869560366323,8241.08819244158,8757.220560545897,233.60956678044724,234.59777456907943,439.20706774708543,317.7570079741389,1584.1616547402039,17.792098821767897,132.30073333333587,2834.383006358515,93.80594270107075,233.81837303209895,98.2655996602446,167.59100290635703,12469.153711144972,216.4692275132229,1442.6632444824616,6534.833223311623,4047.1023651986593,18124.406478638037,164.11280460047044,319.1476349609285,803.5536676667399,662.5555702195986,86.29050370370369,40.150192961971825,186.7228727383004,26237.97,35.92077777777776,28025.129808422786,13850.542610969427,650.8129173540583,588.1826877314815,193.30379338095645,68.80420740740742,34.08682716049383,677.1298723979288
2025-02-01,252.2964141544934,1655.4590013208012,1607.5638218412626,1594.8166487436802,1572.6774510380158,1545.356107556434,1569.966961754505,1786.2447202343726,112.7556967777778,179.4105829074075,180.8035522436112,2535.860488142628,2732.033520468389,237.89715404195937,294.79225743969243,801.9601737643155,327.57112273643367,349.5236957212435,2432.1550672641088,2503.1301021496542,3659.0047194118824,6997.060049435901,372.1728198986842,368.7406579841011,495.10205380658545,592.7418471997834,593.5483255722721,603.9133596574405,368.7406579841011,398.1753592592593,1186.3026783381322,1208.1349555794288,1277.5573051383903,128.6713703703699,134.41888529012303,154.0783686350304,507.71642083806023,600.142802224083,813.0483705196123,843.313636760349,997.6371841214764,196.87043101678788,181.3541572106962,459.89140123445,8.481075900000254,464.14814268312153,178.00652819381335,131.7911666666662,76.23142650463579,176.46093258353912,77.8768230111114,82.86752896802595,11.664388888888888,43.44844660493837,44.00359247376555,52.77386075581078,61.4937516103885,43.681703703703754,68.381,86.1367622,59.9675249999937,188.3042908676995,219.2428758150752,455.50688461184166,590.5681623809205,1111.9280500736136,1214.4950102012483,245.34200798094062,322.3558580246914,882.2873449422158,1059.812950009236,136.6021111111561,923.6043494561331,405.04716145111735,124.42975308641978,263.03987648424044,1152.1983577751753,93.21901851851888,955.271,5470.500667957777,5909.017044697482,5909.017044697482,5626.096581663373,112.9608677134045,218.9458540329323,554.838287647034,1765.6982009384578,30.764587317788923,101.69877777777778,188.47713947410944,8.278937465066916,3.8959705717961954,591.0231864117189,243.70245357760047,342.8784333549426,344.36463078239734,825.1895679733989,684.4004386908064,7.8073766913580265,248.78944558100105,170.72752469814557,444.65655973511275,15.170405553662961,955.870572244508,190.62005555555555,136.98966666666664,1547.9122783072664,1726.9387390921293,3887.968505537993,3916.575892039183,1173.5798510885218,1190.3907414083951,1281.4499190552237,1279.137527174737,201.38954473619702,1329.291844924205,1280.8166210351048,8592.246973173233,8845.224983407803,269.53171617229555,271.7062945943278,492.8750349200702,366.85231235350466,1795.3667104944789,15.409562081956315,188.10026296296297,3117.868360093147,92.50438671926024,269.31625304151004,112.85356735853016,238.96351346392976,12027.264920309,276.75894708994696,1672.7570824398706,6551.0924593371565,4198.20067849514,17865.43520338364,162.3086436543655,1008.1828333333331,752.6983607500549,597.8204074325283,89.41268395061724,38.76527791370016,184.8997774192689,26058.0176,52.866222222222135,27673.691651606277,14005.097663460681,604.6109554035168,594.2013122685186,205.9953773521444,68.22067407407408,33.5877037037037,607.9957783368035
2025-02-02,280.19023316075004,1986.1275828112348,1851.7015746032341,1822.6019721369662,1792.570382811814,1750.7994306094977,1759.3957654110195,1971.9167842733357,131.86753833333316,205.56241255555537,205.37687003787022,2863.4924743053193,2922.3277757363185,359.3888947329239,302.0234756283887,1031.6880551037918,392.8147373828819,368.1593278186905,2573.0400098632317,2617.561935883584,3850.740647657225,7437.934169457527,413.59485472738953,411.5809805591959,533.5862490375309,642.4475299714866,645.6008365634119,658.6067219585076,411.5809805591959,397.8774592592594,1257.4118695860357,1265.1973790956401,1315.0034582645806,118.32351851851865,123.79261895617294,143.13482928121923,544.5808034230308,620.0439311718173,806.1038782111463,828.0618541982124,1002.4599044992846,220.0702629629525,228.51881222913295,513.3767732763532,9.304988054320967,534.2849081155038,146.08687481464912,103.92114722227558,76.8022861303975,172.46796535608422,65.44528698518452,72.27659810766787,11.288953086419667,25.85050861111072,27.08269136355416,37.92582192813659,45.74168687928973,34.225370370370314,127.386,69.9380549,60.0988416666694,149.07252563854124,180.56684810974232,557.9279726521054,581.0335296323914,1117.4065075994413,1240.6128467904286,383.79853935494555,237.05032098765432,960.8787941888404,1125.0646244575528,166.99762962968256,995.5974951402118,344.85775542619746,120.92987654320983,313.5366366434764,1301.845667195037,134.96594814814796,760.286,5382.755531215226,6035.834438285733,6035.834438285733,5909.017044697482,110.31493669118721,188.49983791988635,580.1204091386564,2154.8856696774906,27.734155534359427,97.58303703703704,177.4803066519611,8.240025234168266,3.8776589337262433,578.9517154422613,236.67510502191536,384.8121712472971,378.81357050856127,851.3045243973696,733.9442189362812,7.0024674691358,143.9084984073876,224.24956452390606,451.60595766924473,15.696189912217132,954.0708164159707,191.67098148148148,137.98966666666664,1535.5908407569466,1686.9690409499974,3852.7143379854633,3882.1244521993954,1435.0103005454516,1406.0411344336387,1493.972974674692,1412.5806765391042,218.3547204113461,1404.7180479641577,1339.1558227010717,9074.109056190406,9024.950827587974,296.7018688204053,302.18893820463626,533.3252556234005,523.6263162121177,2180.9677247772443,14.618413323440764,348.522062962968,4177.073464378795,91.52418723194407,306.0370946155402,106.9209995275277,372.26049507377843,11803.63591648938,332.88198941799135,2000.8654994650858,6714.035735612421,5091.001134108444,17946.67124585202,165.35470002651212,927.1694444444429,731.4993940208836,581.7138444062582,92.19411481481485,37.82561875060999,156.55207238132024,25951.656800000004,38.88211111111118,27491.76973991463,14322.556225199323,597.5863851465185,598.2013122685184,211.54084821509792,69.0964,32.870987654320984,587.7391861247818
2025-02-03,283.6726935637134,2257.448088822,2191.8965284600713,2137.5492905360707,2090.5047652975536,2019.4948404029446,2003.785604073761,2206.7329531600553,164.36443922222225,251.8827717777777,249.87096845166656,3275.3583705497995,3274.285093690707,517.054065272565,289.9499572469711,1277.8564492230319,535.1735410558008,432.19522222021175,2863.3085935193462,2867.395326439289,4079.134356582189,7981.26242126711,481.0353956857082,474.22022439124305,602.6374917330253,708.9938512502251,710.5168021586313,722.7345759673914,474.2202243912431,397.2479259259278,1421.0410391874768,1395.947934848496,1410.0461613283205,110.67374074074101,115.57043114444471,133.3331414043984,553.2154362129652,636.4515064505138,815.5886765014392,831.3461687356572,1003.7774562628065,239.33327314815534,256.0785598591981,497.64607045609625,8.121158330863809,582.399796618434,120.4925572236765,89.89786388888979,73.08717681327032,167.47456395437118,60.35740477407451,64.40701417107877,11.684755555555556,27.26625555555549,27.40955615162029,32.42881190359223,38.33351572128174,32.32459259259264,132.391,155.83633730000003,56.91644444444297,128.1375886414529,152.01218630133727,594.5868288106435,671.3817417701117,1002.965773726273,1148.7347944018213,430.2352276104122,180.12976234567904,1006.494250085791,1185.8376266390474,183.18218518450726,1057.0668603172815,292.92036035532135,117.76333333333332,354.63584651489913,1581.8656701859622,107.28995185185194,945.299,5282.18659808964,5805.432766723209,5805.432766723209,6035.834438285733,109.22360960571943,180.5857013476057,598.5395492404176,2245.1123545017235,25.869859716711026,81.27748148148149,157.05559643820243,7.089401235461313,3.3361888166876765,572.6876841962152,219.04824562313357,491.9366009122971,472.37036700791174,860.8180129484085,739.0267315835524,6.222178503086417,212.044003826822,253.0901599887194,443.23864683859637,14.309757715287517,954.1566106793364,191.95817592592593,136.32266666666666,1456.5661367928114,1647.8513913110016,3892.058303742766,3900.0278973802197,1898.0528145650487,1784.0702508191073,1821.1973890229167,1629.6764707895154,227.97595621810203,1583.120704349798,1384.9408748429696,9658.561108539749,9407.848434864816,289.39328439741473,303.19755748605314,598.7255509881984,761.9057322465453,2449.460506746577,13.986991119296967,334.21701111110815,4357.60505604116,90.36632603089703,324.9028937275855,106.80115564086809,426.3655035891233,11701.610355689449,436.20003174603244,1957.9029311907568,7002.3593677130175,5117.008493992947,18128.40869113065,180.4658875906617,776.5598333333269,741.8589140208836,574.9468587440247,91.3706074074074,37.680443819159116,128.73954260498533,25884.287000000004,34.08923456790128,27400.481722465076,14376.763886511797,592.277830549534,621.210624537037,224.7051994305234,69.80360740740741,31.999617283950617,580.1432327331371
2025-02-04,277.28883229228046,2324.212960959687,2479.748372980122,2446.4496806456577,2403.057403320181,2332.801664511979,2310.0719536025954,2507.6820190109756,174.75077066666685,279.88150094444467,280.57988231277795,3696.6164895302836,3754.2466683762304,556.4499638310095,267.6738884495614,1464.4255122095506,674.4188284185783,546.0716448765411,3178.2707721196925,3178.106648817983,4368.043531042648,8659.305984995952,515.48355597729,516.4730986064953,670.2897980908276,810.410805972466,810.4334177012845,824.0403590797846,516.4730986064953,445.8614,1692.03956865601,1624.1213247380904,1578.9363681841592,103.54148148148141,108.06916146234565,124.46591134714511,552.8651262416466,634.1375071718401,807.074366085429,827.9267488523129,985.1239547908896,238.32332499960896,277.29608474022666,502.01493587404815,5.8048726999998355,575.1464571911536,105.49060089814823,78.35641666666646,78.65787991897946,148.44075618264827,54.6302031185181,58.69156010279153,9.379607407407432,26.183904012345547,26.46595079501016,31.893045763986294,37.679590064247655,36.656296296296404,78.397,174.4797197,51.52475833332967,124.44060380388788,143.46789317833498,611.4659864567661,703.3566075904631,937.1341747249539,1039.7152064635693,298.83976564872705,158.0806790123457,960.7032175533833,1187.9174991146763,196.58270370381337,1056.8345270638113,305.7749071697029,131.68773456790123,373.3755057661088,1712.4303417930173,90.6392037037033,575.313,5163.962331783106,5525.045654672016,5525.045654672016,5805.432766723209,97.45627867581732,171.27036567658243,631.9582800460535,2113.719625093142,24.774026252765367,60.16174074074075,121.00962354079672,12.252391933445496,5.765831498091997,544.9434753772315,194.85454345676558,632.9470766232889,606.3635197975802,836.4524024334776,688.2691568631508,5.668200108024692,159.42091196255723,277.80063932243814,500.6786949228111,10.70004163990191,938.2218765499387,177.9049351851852,134.32233333333332,1409.0993354600716,1573.6215913375447,3923.050125415959,3933.658061744611,2073.4313051205136,2110.1314530094364,2186.423134673509,1931.000030628162,238.682114958017,1838.0296207507527,1488.789192728848,10429.263431630821,9883.706656677043,286.7294182091057,299.26226224358436,667.8577234546622,885.0987398768908,2424.691906166968,13.586237213827511,304.5622074074095,4203.8529176532065,88.85866011225752,323.8519446520381,93.07485325625787,309.78938747886747,11744.263239780677,513.8429259259277,1835.1226399414263,7366.666875492707,5318.874788212381,18396.061180276745,198.48687729695203,653.9542222222215,728.0763003750275,548.9085063542751,88.23228518518522,36.40608078327093,111.39001818708202,25957.107000000004,33.04051851851856,27348.403694960405,14356.51832265225,590.098285885794,638.2013122685184,233.2919883568263,75.18879259259259,33.346172839506174,555.4864052546524
2025-02-05,268.1796978137281,2270.4693323927345,2531.2599045074394,2564.5325373669048,2559.916837204893,2551.737744858195,2569.9509782211167,2786.325663272327,141.9007363703701,247.91072085185164,255.62572917620355,4092.050012076862,4288.91781611818,513.755646309295,251.35724582837852,1530.7612663404982,619.7484619560485,641.9489359113404,3431.191924009532,3448.0859528874576,4616.91474978626,9461.281432321171,535.7901976019377,547.2044499017828,859.948235498702,1037.7023441275421,1028.0433345010204,1038.5831132334692,547.2044499017828,587.6888370370388,1980.4138038109863,1905.4500068163497,1828.7467034471495,98.29348148148117,102.88681661666642,120.00606383626531,558.7111105079643,641.2951861077792,798.5433023687392,817.4869172947452,961.3421413369306,254.81870092591242,273.6797135843395,540.2759119164319,6.8334452049380685,589.1656759456688,93.11964664260817,67.39782777777734,80.2150798611156,162.9910016862247,57.62814671851906,58.72221092301875,9.77507654320988,36.15886759259336,35.96948439866327,41.6559190177195,50.303057832147225,26.83059259259233,64.402,148.55822270000002,41.72107407408328,165.7659497526135,179.54947651695775,607.7880798985598,718.9095825400707,986.953858698469,1042.772244235019,189.01807706683527,142.8024290123457,829.308399268871,1096.8469398233754,175.62411111115674,966.0002796709086,275.341157946729,147.77108641975306,317.20266255726443,1590.0210714559244,76.28665185185201,499.328,5129.1993358311975,5282.18659808964,5282.18659808964,5525.045654672016,73.04875684111116,206.8809903108918,643.5118993443707,2001.5494585292226,23.926080475291744,48.88859259259259,95.29178358809729,8.950568153378917,4.212032072178314,570.6438696125001,189.23950827650745,668.0139691225244,663.6093985024107,801.4658681052395,626.445131954923,5.381901830246913,239.1905357926987,291.66930143503964,513.9633088515238,11.391174963307279,918.4695867840087,191.05308333333335,133.98866666666666,1368.8797918038335,1524.5323317333691,3990.8931638930508,3991.363310681677,2219.2171449664506,2256.5637323768183,2395.44582610054,2283.539137671847,248.59346785592496,2160.9443739402172,1687.8952406528351,11416.378417911643,10505.633799566383,268.54062342003215,284.2019195071676,844.8082821544996,856.7221934101174,2300.196887735147,12.951985728644246,218.57497037036742,4149.710222742003,86.4318273342791,314.3409234444775,67.22877313003187,198.16988444865956,12008.34039043877,667.1986507936506,1729.675529453636,7490.683978525347,6089.243930041521,18863.841717371353,220.7792312066184,485.4154259259297,730.1983001875137,570.2331423970778,83.39676543209877,30.105153944915166,98.36452335524919,26238.916000000005,45.05540740740727,27426.21658356829,14415.747578050998,654.8701655992205,635.173375462963,226.3065127996806,81.98899259259261,36.25137037037036,573.0720155380004
2025-02-06,245.03600486279203,2180.2255082741713,2460.7908331974254,2526.13238774712,2552.6654156424356,2608.71180414419,2698.6300313523375,2962.109839119181,117.99657433333331,204.44241435185168,212.94258887962945,4368.816474431068,4634.531709657386,460.04997506563166,248.54275448330083,1468.0263437503104,498.97372276649213,638.1548094214091,3484.5458483549555,3565.347595419076,4804.704949269951,10241.042013544142,548.4773544874521,578.4840863301969,1242.9998324550393,1371.7914382197787,1349.517585931851,1347.6092587234182,578.4840863301969,565.4848666666637,2758.060784668115,2495.753547920849,2245.3768009979767,113.98166666666677,116.88859595864206,132.80363314935195,582.1747273911433,656.6375264867577,816.6767698159673,824.8604575797558,960.1693720424995,280.809752777793,281.9026666666667,594.7703559030019,7.246240154321301,641.5905913429735,83.6639623858026,56.40371111111147,81.20157669753144,187.95206941620975,59.05624309629679,60.75766394963943,9.398640740740765,39.555427438271124,39.92225824909938,51.67994335502074,65.47320297800364,26.31970370370393,55.408,41.60834630000001,30.129270740755665,199.5314474562196,220.11698463047833,551.5293471400704,712.8053163869853,989.2251353409148,1061.379771247303,149.00043631714334,134.38104629629632,670.1545587234684,946.6258565946941,168.2415925926303,818.1004449420153,185.8789106003196,155.77066666666667,241.67075225501202,1461.9023103471613,75.20803827160498,285.346,5174.77066156987,5163.962331783106,5163.962331783106,5282.18659808964,57.897311176048284,258.40969617949827,613.5159639655735,1740.3010272343308,22.875530347703823,43.153481481481485,82.50562715339657,6.878142168704053,3.2367727852724957,868.5961944618713,192.76088524223997,577.199361640957,598.9778902928566,769.2402653437226,559.8814316207734,5.643450055555557,255.42731906824022,306.2269580257142,590.5643139147874,12.296790015468478,921.0717788948938,192.53340740740742,135.65533333333335,1389.6515154398428,1504.0315213751412,4053.7778960861783,4056.4374785520718,1785.8184369479495,2114.231496890529,2400.332171663295,2515.3561312099264,247.61761325771195,2454.304974997918,1961.4839556230952,12491.174678291904,11302.839883719222,254.7185063096308,268.71607667610846,1203.6068987268825,774.9015755659482,2091.770890386042,12.450883631246109,145.05642592592847,3629.8132126161236,82.9657880723109,298.05421047612947,54.55827994023898,152.335239712951,12348.169932791157,926.1297989417993,1438.414172875507,7583.255754555867,5773.143983995081,19408.044868976915,220.4825851921452,460.9600185185176,756.0709669791895,846.4016051228588,82.03346790123457,22.998358870633986,88.55691727196638,26534.513800000004,44.72770370370384,27707.056710656543,14574.907025433551,886.8369244511052,624.192,220.56686036464058,84.74289629629631,39.07202469135803,830.4136227359816
2025-02-07,213.81515266910023,2060.2386580431535,2365.234660076173,2436.953349930247,2473.6763738084574,2558.5006395624846,2699.526590277319,3012.7799333427065,97.23971322222233,169.00765277777788,175.9721127662038,4481.424566140861,4815.326086137584,409.4615460242878,242.08677532502907,1349.049434377941,420.44628482757764,557.0706613137635,3333.0542459653593,3481.1100021210264,4825.36589184572,10742.30923308927,555.9520864367495,588.4819492037151,1291.6822507769064,1439.772734264434,1444.299148110442,1459.7902083151528,588.4819492037151,579.6214888888892,3125.6966950323467,3029.0466022643127,2827.578983333329,159.2541851851852,159.57315905679013,172.8434667849229,643.6240946139432,695.458771984471,870.6437658887666,862.888777222918,973.7487305442208,277.8211009259124,298.3947333333333,658.7086549841982,7.749084851851944,693.2524601649992,73.30793181851843,47.729774999999776,79.55408842592499,195.08610404827698,63.84060455185107,64.53621262149501,9.40800740740743,42.74166879629675,43.15240645113209,55.85110839770577,70.72711364685318,33.19407407407405,34.414,31.0852503,23.578577777778218,183.38978856177914,214.10390104867213,442.20744490121143,653.1676312907458,942.6944449105918,1018.2604812602634,130.96228599179204,120.65063580246913,537.2738750767033,792.4073053696726,170.25359259262962,669.1273527036384,164.1358923337005,142.09056790123455,191.87202107123503,1340.984863982405,72.8576098765432,288.366,5147.008587490109,5129.1993358311975,5129.1993358311975,5163.962331783106,53.675118230769506,322.63236459290255,558.4039474220085,1483.238021745306,22.220690146370636,39.0145925925926,74.17839018876626,6.233546398352706,2.9334335992248026,1200.631378303844,180.10347721943768,478.56997915906595,501.884261168979,749.4341013310128,485.0735744679572,5.6944540802469135,111.20674513906111,325.5342438271607,571.6330964306574,13.130411400283151,940.7467279044948,191.11674074074074,137.322,1456.397289004625,1544.4127699595088,4063.6974208179618,4082.2075477767467,1353.6959346415556,1693.8167261891883,2142.7117652812,2548.32893325882,240.8939803364014,2589.2848081908496,2277.4318852889223,13378.062643940988,12427.636192809397,227.54711181654915,243.75745835616445,1291.9278422012264,691.0853462674813,1808.4770888092112,12.116637558046811,122.4745098765439,3211.4643295739534,80.54723141652983,276.918955785259,52.09231302202344,132.46546518557133,12941.564706305899,1107.2587460317457,1246.6929096188999,7566.309191342197,5458.678028726551,19957.711303719734,218.980085721929,299.04196296295646,775.3035345834247,1176.6037352973754,82.05509629629631,18.731414144027887,78.22942551284716,26903.3004,35.335185185185175,28004.0462587086,14812.615096506968,1118.7333177494552,633.192,214.99424764016558,88.03568888888888,40.082493827160484,1158.7987728415758
2025-02-08,189.7582978504362,1922.7388853735035,2231.3915340294357,2311.2480431937765,2354.327240791755,2452.381906739592,2613.353388884714,2942.733836095992,115.89648174074075,179.7360231481482,181.09101719907414,4436.080815003866,4872.368882962023,348.94943163848706,222.8318527873566,1219.8029758767352,379.165498366028,474.6919355443662,3095.5942639019245,3267.386422821941,4617.595707495102,10921.554989428902,556.9176710153093,580.4375458826223,1076.0008228986264,1253.6809682904407,1285.0212918585048,1324.1258441574512,580.4375458826223,506.6295814814806,2941.5485083014837,3064.3242074704012,3164.441798616768,162.44537037037065,165.99438343641998,180.87039137399708,677.3788700867274,738.1635299249713,939.7745388559522,928.6596428414648,1043.5107927221572,251.52187499826428,285.97454324802356,623.3463184843213,4.915660227160873,730.9064419248809,73.63053192302863,52.378019444443744,77.57126111111204,167.67029882020924,61.624808599998495,64.70814132133975,8.803143209876545,41.44136604938214,41.93175637409929,51.990099392147776,62.98587205626847,49.8257037037037,28.419333333333338,26.23549676,20.723485370350396,131.84490731940244,163.91131460544233,384.36563319082757,540.7041340257905,881.0543667462105,950.7596436192295,120.23234744831701,113.46222530864198,489.5464778660653,693.9004116817565,186.05462962968255,576.727916259834,148.58216774656617,123.0898148148148,161.46838767166386,1217.4093567779548,70.50921481481475,162.38500000000002,5085.527089082852,5174.77066156987,5174.77066156987,5129.1993358311975,46.9239012677887,351.2889428546819,514.4876158629194,1319.9398211622968,22.26515477703271,37.8895925925926,69.05681661772583,5.866234534124245,2.760580957234939,1259.0483393937297,157.14965306224283,419.6108430186401,434.5846194051124,729.9343641436762,431.84101447789453,5.901279916666668,110.48143257814618,315.5684179298451,474.30857659576145,9.340721264619901,1014.2783042783784,190.42461111111112,141.322,1545.4373773761736,1625.9325356288125,4062.1388197483957,4084.34170378813,897.9668843112605,1246.4504048542024,1702.2016911316036,2308.6355720519164,233.40867075908022,2482.7757068941755,2530.7040084760347,13901.059786995931,13572.284231983653,211.3725813919077,224.16429622569734,1107.854741443587,597.6535070115785,1571.6211538220111,12.08335022389476,110.05178444444486,2856.472122703757,79.25015027582634,252.7240137384939,44.68402439343791,121.12650899360659,13877.111405947766,1239.3918730158732,1122.980441911113,7374.290608684919,5157.887925730174,20549.524362302953,229.92606919610753,270.6970370370436,1035.591570104418,1257.9994150341304,85.67824320987654,17.273504300457304,76.42311955941126,27210.075600000004,79.903,28368.541089588387,15137.14718147203,1081.249166213602,693.210624537037,192.90102028316736,90.45070370370371,39.85685185185185,1261.4008570059998
2025-02-09,172.11849166805402,1772.6853104369604,2077.956558635303,2159.970712354935,2206.9056998689853,2312.446462004316,2480.9236758220577,2800.7187823412123,94.37682159259246,164.71875599999987,169.06669573351843,4245.6341625824325,4820.408335805917,283.970775665552,207.27481099494963,1069.1449898532,356.17244698906205,421.82069953565593,2844.229994181943,3019.31024791239,4343.008474677743,10748.522685968817,563.8962880928096,577.5652537113274,893.0619565718225,1048.218393979894,1080.3942162207616,1121.7538424922059,577.5652537113274,450.0310925925915,2463.0490691911778,2687.0913634803833,2996.1247509715604,139.64018518518486,145.2759266154318,161.86682536527746,698.8986183222,764.5159234068547,972.1943587785914,978.8598322309384,1122.0383884941818,244.06489444447138,255.93330682435683,531.6692221295244,5.441958079012432,676.7207795759066,64.87969842469121,41.705183333333366,77.23992777777869,138.63138016060648,52.36654188888734,57.589535515683586,8.531945679012326,39.05328240740741,39.398492320730426,45.060763746863046,50.91855493949063,41.54629629629624,22.425,21.548397440000002,18.968909074063653,92.48786879133502,115.78183556710852,371.5844941182479,482.8520667175969,779.3833663219644,857.4169632094332,113.78740335208347,104.0496635802469,457.58337027397704,647.9749326030328,179.67611111115673,535.4669578510243,144.31246648125037,108.71416666666664,142.1986636564142,1119.8921983389757,66.89000493827156,124.40599999999999,4835.523375036946,5147.008587490109,5147.008587490109,5174.77066156987,44.46642614708922,334.8300369443327,472.71047204131133,1193.4106403868493,21.81463942907057,35.00533333333334,66.52241457320277,5.816697845635853,2.7372695744168722,1283.308409861312,150.61647560133804,387.364798330675,396.66445798989724,703.3575727557893,391.77656759832524,5.924743151234568,100.84303062308717,283.6414011154583,447.38085035429236,9.165551044136045,1086.2178839084288,190.5023148148148,138.16922222222223,1591.5516967343658,1706.7364519129371,3999.795944861932,4039.6760897093727,762.2125185717183,937.5787919970619,1298.821094289862,1887.8881951638878,217.22211216925754,2152.8607242456465,2604.0705609706247,13909.178878703613,14438.337558884734,213.56730507205572,221.85753946260715,920.099164792352,494.23042662964156,1410.0530418679894,11.596865926792619,101.39930074074066,2561.6504365970695,79.07912946663994,239.782645045771,43.25527932583378,114.3244820267696,14968.11539700143,1368.3397407407372,1012.8124164203607,7162.114025528827,4584.759485032969,21038.24076304082,265.60459086674837,311.02354171469347,1215.1141719795553,1285.1794827516533,86.40853827160491,16.3936029551911,69.13065795134833,27493.8396,76.20229629629621,28671.996126611328,15558.014999111652,1055.7558038109746,711.2013122685186,181.1906596079958,86.66571851851855,39.688308641975304,1293.2951315866765
2025-02-10,156.36529170054865,1623.8350054284315,1917.065907440872,1998.7421996139506,2046.710722304981,2154.5992592883854,2325.3902861120396,2634.3140721666864,102.68476518518563,163.357880055556,165.97835774944483,3965.2110600646065,4653.257117207241,234.54404406970752,201.58515558108638,919.5840348648037,335.01014258693914,390.46423046466725,2611.364264955431,2773.4825883765375,4019.1538022261734,10358.867335701005,560.294666137166,571.7512926813259,796.0276349944928,921.1179792161856,943.4446558847952,975.4020774267732,571.7512926813259,422.1019,2029.8536071585984,2235.649241462921,2586.041267553181,129.45237037037015,134.00683528827136,149.7689508544751,644.7605609859484,749.7985189263816,967.4915455555176,991.5423949391554,1173.0872421833017,204.91477777777985,245.17208267058385,480.5837204956275,5.051195491357704,589.0745344420561,59.59602311769572,34.294025000000225,75.25843379629907,103.57840428258461,43.81673841481526,48.47041629087321,8.541612345678992,20.153032407406865,21.39871644290072,31.197214001463475,37.50041064826248,29.475222222222353,48.432,18.96905048,18.540188703701677,74.19802130361045,89.56446794708629,364.02459451216475,468.45286212986764,686.2247585079066,762.8554682818709,108.48219469434187,95.80757407407407,440.60271637500557,617.0168531726453,190.6911111111561,508.8893668418451,141.58931641435137,106.76048148148148,131.73183773757438,999.3058288611734,67.01474567901239,228.43000000000004,4547.959677740104,5085.527089082852,5085.527089082852,5147.008587490109,44.17299126837465,279.0761416185836,431.32184745467566,1137.775136371335,21.31094082741621,33.162740740740745,62.1208734597978,5.504887280494099,2.5905351908207526,1322.0931710565742,147.56487236930295,364.9301631184833,372.1316243310946,679.7251453568429,353.1297899632483,5.766088163580245,105.20072209979766,269.3852059929774,418.33677649982803,8.789512873415218,1125.6687044926607,191.0,136.60440740740742,1578.688826396441,1734.4541794909383,3979.0780324002762,4007.189384151592,579.5899414941902,747.9687842996258,991.0499598076126,1471.2547158363095,201.1033870123922,1731.8210962305893,2440.457926757611,13438.360866488518,14909.222422002149,220.51120423257285,227.90153207846726,811.9675340987326,406.0857951795605,1305.4341865108208,10.845760245126518,93.10331851851853,2405.4859433922315,79.08802735899927,241.14335782559888,43.19065105180347,108.92429541582032,16262.15648822939,1446.9047195767232,999.1324664797344,6928.013547416806,4173.292956291647,21113.407595949175,317.37450883952687,316.08149154017735,1309.6984046878429,1322.8715014691056,86.61722839506172,15.897137651683293,63.571482571621715,27756.3924,59.65799999999998,28973.27990885423,16152.729895864777,1110.1996140992173,693.192,180.20568638006222,83.45110370370371,40.343839506172834,1330.4248834972375
2025-02-11,142.59459246654464,1510.5848687851808,1761.2645729354613,1839.5100880329878,1886.2572897986097,1991.9491659591592,2159.9960013137315,2463.1922215039576,75.5806069259257,136.84833838888886,142.2147561730556,3705.38119024717,4373.541276780386,202.47078678212475,207.87918952603843,803.5045571616045,324.1203395363575,369.86925179710033,2428.6364183069663,2567.6858176957153,3727.0804932916535,9821.73875340479,555.9751486623732,564.9551313565541,735.1347525815515,849.4599155964555,865.2495715795296,890.205795561052,564.9551313565541,405.35326296296654,1742.5741115880328,1885.4110251038114,2162.14626319277,93.95337037037072,100.45363092037066,117.22898423129651,587.6466580350959,690.8893414799218,908.8913985038035,956.635676847829,1177.7030242824076,164.05905648145207,208.21182145364548,437.7302198641088,6.939370546913339,538.7044270277265,55.76536408004152,31.956852777778323,77.90517476851846,75.33240799675076,49.28853362592722,49.198096532672345,11.866460493827228,22.87931385802463,23.00552894611616,28.944652782785496,36.1048371002304,24.803296296296228,65.438,16.22861588,19.219879999983817,64.25371058754413,76.08712073462269,321.97866428984025,456.7079183367361,650.7332971414739,708.094554515759,104.86087659276855,94.02266049382716,428.5097144902082,600.2873599812228,216.2337314815325,493.73721161974015,131.227809122922,107.1023209876543,125.32751922393673,900.9314871908471,68.3753543209878,168.45499999999998,4330.87118506078,4835.523375036946,4835.523375036946,5085.527089082852,39.89132662321546,210.57537775109532,409.2136686288628,1140.1718209595717,20.95376020710516,31.469296296296296,58.869741145604294,5.052168396049592,2.3774910099056905,1369.1748400574763,164.72239178860525,349.5729223621742,355.3300254065261,667.2051726048453,319.8282302331476,5.6397967685185195,48.20901178159921,236.90997070849753,390.16874286872496,11.297075935107586,1117.1846439887072,186.80902777777777,136.65533333333335,1612.7352671301906,1738.4359756607969,3985.037069219681,4005.7377618029104,531.8777755032389,632.0991875431589,836.9590926794169,1130.241928461408,195.24904095909724,1344.5885048750324,2086.9526412281616,12603.5875412303,14875.73553726188,228.33761540543415,235.83122712005,746.5220351025781,345.2574201594414,1267.0911189739343,9.568948483739023,86.83048444444505,2306.769819982098,79.59655430645208,248.4985407201513,38.20028831070581,105.16265310123299,17357.226107943276,1568.1362962962942,1016.5934820524902,6617.9748107548585,3821.3850440918322,20953.926238377608,329.87274496647046,393.67074074074765,1212.742570104376,1369.404577469018,85.50096790123452,15.472689011859865,59.43974473177344,27781.534600000003,52.282999999999994,29258.096126935343,16751.145748897645,1162.834668792549,701.192,175.40535050917586,84.86611851851852,42.53365432098765,1376.6020473444478
2025-02-12,132.01889305579635,1378.4364743109202,1648.0414406550142,1714.056259230564,1753.844089423886,1848.0750460668773,2007.2307628930537,2295.730611691726,69.32189962962924,116.2156499444439,120.53797074916616,3489.4458430831287,4091.254197158796,180.62872402303975,231.98513884536808,727.8496255073853,319.9387292134428,357.18443926723796,2305.8529316275567,2432.081006554486,3620.885942989651,9238.880463545058,530.2364553578878,542.7791992607976,699.1931513053228,797.6675062495501,810.4247561077653,831.1312185653712,542.7791992607976,383.7841814814806,1572.5934185696542,1669.0348006339916,1866.0325579325859,86.43122222222217,90.49989948827164,105.10200778580271,544.7364420219433,638.397779943719,839.5946155447517,894.409770135603,1154.7568335396604,143.6691175925852,168.92740007019512,410.3901182388555,9.018199558024564,506.2234122598574,66.7282298738288,38.27662499994709,78.2425081018518,61.77088746854596,53.3076665259263,53.879990273301644,12.543460493827117,37.418193518518265,36.909565067772384,39.78803445239382,46.53169717912301,25.039777777777832,16.445000000000004,15.5960957,20.74385833332206,59.92156944901963,69.72171735681856,261.37862547955626,401.24114523459093,630.231859991064,680.0183643025002,100.55396331085579,98.19646604938269,412.8539117902519,587.3423277695506,224.83522222231602,480.22037202069936,131.5574741614987,109.48572222222224,120.43816113361885,806.0953215521143,68.46451481481489,109.482,4106.568921640773,4547.959677740104,4547.959677740104,4835.523375036946,35.92993799130994,153.7556353721793,402.36581925658345,1155.380098528802,19.800239554216933,30.163740740740735,55.76616641005032,4.846843786618297,2.2808676642909633,1342.157832794693,195.0277518682954,342.5645630192053,346.6132956832938,676.8697926782982,296.7432841646099,5.314913938271603,53.401560707523444,208.5554696135885,334.20356466455576,14.80165223547814,1082.116922641541,190.80787037037038,138.322,1685.6185655086783,1790.5804128383834,4076.1390076969546,4072.7434432410837,617.1306023506452,647.4702398991525,780.1696889834787,932.9608624488845,191.67818305454307,1065.0425837175128,1674.385439778621,11605.234111035026,14351.290202402433,230.79374267324286,239.7315771637963,707.0982918768738,304.6262736934283,1269.2171276781723,8.282191348555044,82.84839111111279,2246.0821938909357,80.3932954184835,255.10679825720848,34.543407838537725,100.91287275101519,18035.54405259982,1738.0111111111114,1038.1191312342398,6233.1515169173235,3535.2142562978215,20618.248380227655,334.7009144733327,413.07724074073735,1179.2069099337668,1348.4805073955947,83.2273,15.158793668043872,68.49530655913182,27767.066400000003,57.57929629629637,29318.37014480401,17160.291420312216,1237.0871601994882,679.192,171.08695154582992,85.71281481481483,45.379333333333335,1361.0808661123883
2025-02-13,121.73553688732598,1226.5353847719846,1517.5841024472973,1589.2057379323555,1629.1079508612188,1720.8270038405394,1873.2034738823952,2148.625424092629,64.11101366666715,107.1911096481485,109.92704382990765,3269.3180502277733,3848.8690815262794,176.4389281457857,243.75253482607718,678.6057294467901,317.2655453660189,351.2610236282815,2258.033536601708,2371.7132995937045,3658.2434047246643,8820.491550022392,459.06516329954223,480.55124439046864,639.7739438452031,729.6717216155631,743.2856422004146,763.2257564581614,480.55124439046864,374.0816604938268,1442.86224846987,1523.5209875445398,1679.0416351952908,102.56748148148141,105.36366838024686,120.91856268125,518.1554112810257,617.586940996243,812.9272054564863,851.9354371547553,1122.372088607532,148.84889629804488,144.7749661753007,426.73861016877026,8.338788632099075,505.52966565168884,81.51367479632233,61.20962222227458,77.25459444444526,78.98375100641734,57.75979162963102,58.34556714511528,15.255077777777801,63.21670586419733,62.11452733436193,62.452834037715135,69.12568232166001,25.988222222222205,22.118000000000006,14.478367879999999,20.513447962982163,55.79362230835038,64.94220706964656,214.80165541121232,335.80837778701834,591.209928908806,644.5391054700348,94.1342010501896,105.31741666666669,400.3673501397384,567.2353621699386,218.8512222222871,463.9444185812982,128.48950191073877,107.70664814814813,115.25387002122896,731.3843670230415,64.73556419753083,173.509,3902.3886674997757,4330.87118506078,4330.87118506078,4547.959677740104,37.27585208032512,124.6539325947395,391.2578472384015,1186.2453192529083,17.490177501851633,29.458493827160492,54.16580236614221,4.6005171433488945,2.1649492439288913,1432.4478579798733,187.09578249966472,339.8551195938014,343.0901325946414,706.2020476242417,278.49839968693004,4.943837987654321,123.44979088851692,193.1541042786547,345.4698681414808,14.52121717824113,1044.2178042680666,186.80902777777777,142.322,1749.142176387119,1866.6349028268082,4259.209355947247,4230.0987320853565,539.13036553182,659.2388897023199,809.4052402124187,842.8686283134658,187.42175198855287,911.7461215768177,1314.1607703699467,10756.599604601679,13456.842435437493,237.5925406750117,245.72608950228252,650.088450521502,288.98746402933546,1286.2889248122328,6.700627493839373,77.0494311111101,2226.7124905214337,81.35258067318465,260.3171986045718,36.82820532482238,94.66918123857846,18290.485060306168,1704.0391975308655,1081.5122799928256,5966.0465218269765,3370.4404019368217,20372.20724430635,339.27865095729834,410.4171308000853,1140.5435419271057,1429.2688293296485,82.11170617283953,16.976022888208238,82.05560384348622,27745.7884,35.815407407407406,29322.904642692847,17400.547099229272,1404.5583446215837,691.192,174.23683819021417,86.2058074074074,47.74816049382716,1434.1235094756958
2025-02-14,112.77590156733744,1107.931162830626,1367.6156912453523,1445.0538968584406,1489.0292900068944,1587.2900441937786,1743.143654739916,2014.1106275213242,70.37401196296295,111.67113048148171,112.7861948345373,3079.0644755548974,3610.5900762264973,161.24162951560112,225.87432554944468,654.2168450736966,318.57630672216453,348.64788461221895,2227.3303933681327,2343.777619881281,3712.5543448329336,8577.460259266973,374.51839853387935,398.53275370887576,559.9179301640378,651.8855180075178,666.4127512161572,687.0006468976719,398.53275370887576,356.97411851851757,1328.4889929640833,1402.961935243587,1543.4795904218875,115.78707407407443,120.28916668580273,141.72834088881172,513.2316574128848,631.3600967458859,822.8812307605914,844.3499179966602,1080.5416443657132,130.17254074076664,153.3100056434019,460.66265372355315,5.622395859259461,529.4761594422098,110.49026171976634,88.4637,69.65461851851538,116.16296077880179,50.01910191851891,54.61885359573224,12.951596296296232,63.38406975308639,63.66206675231477,69.9221367384793,77.01712940742881,29.705185185184988,22.204750000000004,13.554747425,21.0141379629795,54.793908747816644,63.015001411687436,201.01298474621535,285.13441934226375,527.5152235483794,590.17748434938,91.21740342480356,105.10233333333333,388.59598040166645,550.3219849158193,203.5001666667145,450.1373264979461,123.9263133164683,105.20843827160492,110.5662730501757,649.7811772209245,59.73479876543203,174.53599999999997,3796.1579367785234,4106.568921640773,4106.568921640773,4330.87118506078,36.92131976794798,107.23439705358325,392.28060965435697,1247.569939235335,17.458731902047507,28.574234567901232,51.70941372329993,4.625548204918915,2.1767285670206657,1533.5610315360643,156.6814809111124,338.8580795685854,341.6761135490039,729.6237794225821,261.0762172342342,4.394947712962962,158.7980408795583,192.39084701094384,387.1497687680588,10.515413051656758,1008.6080842041665,191.0,143.27107407407408,1758.7019678204485,1915.3071344237394,4394.548016874578,4379.851154704106,480.9296993309061,583.1379135480304,761.8462547677691,847.7451809438796,187.50502569812147,862.6405107537905,1065.8791119332816,10170.585712080512,12430.230544148702,249.42472854373028,256.7896289547587,572.6707099029057,269.7801607225738,1326.2941370277654,5.685730044719623,70.86328703703578,2243.434151129476,82.23346550450574,269.1258186644302,35.96900031673485,91.46046989358574,18193.117647084626,1764.9337555555583,1157.413486308191,5687.692794400013,3276.0190001982305,20106.238797349713,351.95128871864296,415.53629756753656,1172.356625629154,1529.7867872226354,78.34796419753089,23.02093957859442,108.72810792410965,27688.099250000003,31.01427160493827,29311.19138977812,17596.757174649938,1463.1379932225802,764.2292490740741,174.77832435217996,88.3485,47.0814938271605,1533.8152333526739
2025-02-15,105.56064947666293,1029.7934644169593,1254.1013937189618,1321.692646264163,1361.6616995356735,1455.5561303235909,1612.5848185958598,1884.885940532774,61.55385011111092,104.82419203703682,107.25242222314799,2912.1688906284217,3404.388208733914,133.63592369742744,213.34976142668816,615.5034926681419,303.3572568150789,344.3350860194434,2191.598396883985,2303.737863070533,3644.427524074489,8403.357915721837,315.4939320780568,333.7523438986692,480.68666805259994,574.0731301809126,588.6989207697734,609.5884560898579,333.7523438986692,344.5513370370361,1216.3710783322954,1291.560461203373,1430.5029811061784,111.77618518518477,126.3828262037034,183.38136183245362,520.1608936878346,810.7251939367858,946.1638836492737,916.9857736229687,1080.042547284244,152.83239351851628,133.1371441071899,504.0152583534037,3.0534495444445566,569.497814383963,123.61050923240785,102.1275277777781,65.521463888895,106.89238646710092,49.62487367222436,51.61721444081256,11.800038888888892,56.789340416666825,57.42730973720436,65.55146700314492,72.97705246433941,29.20918518518513,24.12466666666667,12.010248099999998,21.474699382716924,66.2268599441852,73.00299925037544,258.9033176958308,268.6684777419308,465.79624064974826,527.6378510414618,87.88604011457143,101.67956481481487,377.2687238633745,536.1219581170524,206.7001944445011,437.6576756692868,121.94888966867047,105.08565740740738,105.01865433518016,591.3595157043889,56.57853518518526,161.56699999999998,3809.669878552867,3902.3886674997757,3902.3886674997757,4106.568921640773,32.26125968413318,98.93478954219623,391.72489721652596,1250.362647871424,18.19354689842728,28.085037037037033,51.155620380250255,4.549482867515245,2.1409331141248207,1475.3717091125566,162.5152383708078,330.5866812501551,334.8416425532858,709.6369416209974,247.0085228989136,4.123809731481481,160.29799341108404,175.65813541716884,393.1081129626548,6.061681387114419,1028.249416903028,190.80902777777777,142.37292592592593,1762.4247249589532,1923.5102874191912,4482.588995244521,4481.994072936622,561.543692922126,589.0357437015485,716.5306102165189,805.2071589354333,188.5614170246438,841.4524053233532,938.6338617249561,9810.024784824347,11530.588371324971,253.3126047450903,262.8244907009789,493.4098879304389,231.0970377829526,1359.0599622722684,5.15823677084763,69.59163580246913,2209.628045115477,81.98857746027437,278.60367495904455,30.691236462908563,88.16365372375743,17742.653911348287,1808.8213055555557,1123.778987309226,5591.668754609869,3154.251074682882,19894.84436924755,366.0420139790307,478.36901009856166,1134.4838004033334,1484.696163224867,77.64295740740744,22.78873316958655,124.31976436201937,27644.307,28.6137037037037,29259.267845814695,17827.649837649224,1365.1711776579002,788.2199368055556,167.92261155593246,90.79002469135803,46.62007407407407,1500.3879656522852
